Sample_Type,File_Name,Sample_ID,Path,Instrument_Method,Position,Inj_Vol,Dil_Factor,Sample_Name,sMatlabName,ionMode,goodData,sType,runOrder
Unknown,mtab_CINAR_BC_lumos_032822_20,R:A1,D:\Kujawinski\2022_0328 CINAR_BC,C:\Xcalibur\methods\Kujawinski\BC Derivatization\UPLC_neg_HCD_OT_071620_60k_noDE_16min_targetedMS2only_170to1000_35,G:A2,5,1,CINAR_BC_pool neg,p1CINAR_BC,neg,1,pool,1
Unknown,mtab_CINAR_BC_lumos_032822_21,R:A1,D:\Kujawinski\2022_0328 CINAR_BC,C:\Xcalibur\methods\Kujawinski\BC Derivatization\UPLC_neg_HCD_OT_071620_60k_noDE_16min_targetedMS2only_170to1000_35,G:B3,5,1,CINAR_BC_49 neg,CINAR_BC_49,neg,1,rep,2
Unknown,mtab_CINAR_BC_lumos_032822_22,R:A1,D:\Kujawinski\2022_0328 CINAR_BC,C:\Xcalibur\methods\Kujawinski\BC Derivatization\UPLC_neg_HCD_OT_071620_60k_noDE_16min_targetedMS2only_170to1000_35,G:B4,5,1,CINAR_BC_8 neg,CINAR_BC_8,neg,1,rep,3
Unknown,mtab_CINAR_BC_lumos_032822_23,R:A1,D:\Kujawinski\2022_0328 CINAR_BC,C:\Xcalibur\methods\Kujawinski\BC Derivatization\UPLC_neg_HCD_OT_071620_60k_noDE_16min_targetedMS2only_170to1000_35,G:B5,5,1,CINAR_BC_1 neg,CINAR_BC_1,neg,1,rep,4
Unknown,mtab_CINAR_BC_lumos_032822_24,R:A1,D:\Kujawinski\2022_0328 CINAR_BC,C:\Xcalibur\methods\Kujawinski\BC Derivatization\UPLC_neg_HCD_OT_071620_60k_noDE_16min_targetedMS2only_170to1000_35,G:B6,5,1,CINAR_BC_84 neg,CINAR_BC_84,neg,1,rep,5
Unknown,mtab_CINAR_BC_lumos_032822_25,R:A1,D:\Kujawinski\2022_0328 CINAR_BC,C:\Xcalibur\methods\Kujawinski\BC Derivatization\UPLC_neg_HCD_OT_071620_60k_noDE_16min_targetedMS2only_170to1000_35,G:B7,5,1,CINAR_BC_70 neg,CINAR_BC_70,neg,1,rep,6
Unknown,mtab_CINAR_BC_lumos_032822_26,R:A1,D:\Kujawinski\2022_0328 CINAR_BC,C:\Xcalibur\methods\Kujawinski\BC Derivatization\UPLC_neg_HCD_OT_071620_60k_noDE_16min_targetedMS2only_170to1000_35,G:B8,5,1,CINAR_BC_99 neg,CINAR_BC_99,neg,1,rep,7
Unknown,mtab_CINAR_BC_lumos_032822_27,R:A1,D:\Kujawinski\2022_0328 CINAR_BC,C:\Xcalibur\methods\Kujawinski\BC Derivatization\UPLC_neg_HCD_OT_071620_60k_noDE_16min_targetedMS2only_170to1000_35,G:B9,5,1,CINAR_BC_116 neg,CINAR_BC_116,neg,1,rep,8
Unknown,mtab_CINAR_BC_lumos_032822_28,R:A1,D:\Kujawinski\2022_0328 CINAR_BC,C:\Xcalibur\methods\Kujawinski\BC Derivatization\UPLC_neg_HCD_OT_071620_60k_noDE_16min_targetedMS2only_170to1000_35,G:C1,5,1,CINAR_BC_112 neg,CINAR_BC_112,neg,1,rep,9
Unknown,mtab_CINAR_BC_lumos_032822_29,R:A1,D:\Kujawinski\2022_0328 CINAR_BC,C:\Xcalibur\methods\Kujawinski\BC Derivatization\UPLC_neg_HCD_OT_071620_60k_noDE_16min_targetedMS2only_170to1000_35,G:C2,5,1,CINAR_BC_103 neg,CINAR_BC_103,neg,1,rep,10
Unknown,mtab_CINAR_BC_lumos_032822_30,R:A1,D:\Kujawinski\2022_0328 CINAR_BC,C:\Xcalibur\methods\Kujawinski\BC Derivatization\UPLC_neg_HCD_OT_071620_60k_noDE_16min_targetedMS2only_170to1000_35,G:A2,5,1,CINAR_BC_pool neg,p2CINAR_BC,neg,1,pool,11
Unknown,mtab_CINAR_BC_lumos_032822_31,R:A1,D:\Kujawinski\2022_0328 CINAR_BC,C:\Xcalibur\methods\Kujawinski\BC Derivatization\UPLC_neg_HCD_OT_071620_60k_noDE_16min_targetedMS2only_170to1000_35,G:C3,5,1,CINAR_BC_66 neg,CINAR_BC_66,neg,1,rep,12
Unknown,mtab_CINAR_BC_lumos_032822_32,R:A1,D:\Kujawinski\2022_0328 CINAR_BC,C:\Xcalibur\methods\Kujawinski\BC Derivatization\UPLC_neg_HCD_OT_071620_60k_noDE_16min_targetedMS2only_170to1000_35,G:C4,5,1,CINAR_BC_120 neg,CINAR_BC_120,neg,1,rep,13
Unknown,mtab_CINAR_BC_lumos_032822_33,R:A1,D:\Kujawinski\2022_0328 CINAR_BC,C:\Xcalibur\methods\Kujawinski\BC Derivatization\UPLC_neg_HCD_OT_071620_60k_noDE_16min_targetedMS2only_170to1000_35,G:C5,5,1,CINAR_BC_65 neg,CINAR_BC_65,neg,1,rep,14
Unknown,mtab_CINAR_BC_lumos_032822_34,R:A1,D:\Kujawinski\2022_0328 CINAR_BC,C:\Xcalibur\methods\Kujawinski\BC Derivatization\UPLC_neg_HCD_OT_071620_60k_noDE_16min_targetedMS2only_170to1000_35,G:C6,5,1,CINAR_BC_48 neg,CINAR_BC_48,neg,1,rep,15
Unknown,mtab_CINAR_BC_lumos_032822_35,R:A1,D:\Kujawinski\2022_0328 CINAR_BC,C:\Xcalibur\methods\Kujawinski\BC Derivatization\UPLC_neg_HCD_OT_071620_60k_noDE_16min_targetedMS2only_170to1000_35,G:C7,5,1,CINAR_BC_113 neg,CINAR_BC_113,neg,1,rep,16
Unknown,mtab_CINAR_BC_lumos_032822_36,R:A1,D:\Kujawinski\2022_0328 CINAR_BC,C:\Xcalibur\methods\Kujawinski\BC Derivatization\UPLC_neg_HCD_OT_071620_60k_noDE_16min_targetedMS2only_170to1000_35,G:C8,5,1,CINAR_BC_41 neg,CINAR_BC_41,neg,1,rep,17
Unknown,mtab_CINAR_BC_lumos_032822_37,R:A1,D:\Kujawinski\2022_0328 CINAR_BC,C:\Xcalibur\methods\Kujawinski\BC Derivatization\UPLC_neg_HCD_OT_071620_60k_noDE_16min_targetedMS2only_170to1000_35,G:C9,5,1,CINAR_BC_61 neg,CINAR_BC_61,neg,1,rep,18
Unknown,mtab_CINAR_BC_lumos_032822_38,R:A1,D:\Kujawinski\2022_0328 CINAR_BC,C:\Xcalibur\methods\Kujawinski\BC Derivatization\UPLC_neg_HCD_OT_071620_60k_noDE_16min_targetedMS2only_170to1000_35,G:D1,5,1,CINAR_BC_93 neg,CINAR_BC_93,neg,1,rep,19
Unknown,mtab_CINAR_BC_lumos_032822_39,R:A1,D:\Kujawinski\2022_0328 CINAR_BC,C:\Xcalibur\methods\Kujawinski\BC Derivatization\UPLC_neg_HCD_OT_071620_60k_noDE_16min_targetedMS2only_170to1000_35,G:D2,5,1,CINAR_BC_102 neg,CINAR_BC_102,neg,1,rep,20
Unknown,mtab_CINAR_BC_lumos_032822_40,R:A1,D:\Kujawinski\2022_0328 CINAR_BC,C:\Xcalibur\methods\Kujawinski\BC Derivatization\UPLC_neg_HCD_OT_071620_60k_noDE_16min_targetedMS2only_170to1000_35,G:A2,5,1,CINAR_BC_pool neg,p3CINAR_BC,neg,1,pool,21
Unknown,mtab_CINAR_BC_lumos_032822_41,R:A1,D:\Kujawinski\2022_0328 CINAR_BC,C:\Xcalibur\methods\Kujawinski\BC Derivatization\UPLC_neg_HCD_OT_071620_60k_noDE_16min_targetedMS2only_170to1000_35,G:D3,5,1,CINAR_BC_55 neg,CINAR_BC_55,neg,1,rep,22
Unknown,mtab_CINAR_BC_lumos_032822_42,R:A1,D:\Kujawinski\2022_0328 CINAR_BC,C:\Xcalibur\methods\Kujawinski\BC Derivatization\UPLC_neg_HCD_OT_071620_60k_noDE_16min_targetedMS2only_170to1000_35,G:D4,5,1,CINAR_BC_110 neg,CINAR_BC_110,neg,1,rep,23
Unknown,mtab_CINAR_BC_lumos_032822_43,R:A1,D:\Kujawinski\2022_0328 CINAR_BC,C:\Xcalibur\methods\Kujawinski\BC Derivatization\UPLC_neg_HCD_OT_071620_60k_noDE_16min_targetedMS2only_170to1000_35,G:D5,5,1,CINAR_BC_100 neg,CINAR_BC_100,neg,1,rep,24
Unknown,mtab_CINAR_BC_lumos_032822_44,R:A1,D:\Kujawinski\2022_0328 CINAR_BC,C:\Xcalibur\methods\Kujawinski\BC Derivatization\UPLC_neg_HCD_OT_071620_60k_noDE_16min_targetedMS2only_170to1000_35,G:D6,5,1,CINAR_BC_115 neg,CINAR_BC_115,neg,1,rep,25
Unknown,mtab_CINAR_BC_lumos_032822_45,R:A1,D:\Kujawinski\2022_0328 CINAR_BC,C:\Xcalibur\methods\Kujawinski\BC Derivatization\UPLC_neg_HCD_OT_071620_60k_noDE_16min_targetedMS2only_170to1000_35,G:D7,5,1,CINAR_BC_119 neg,CINAR_BC_119,neg,1,rep,26
Unknown,mtab_CINAR_BC_lumos_032822_46,R:A1,D:\Kujawinski\2022_0328 CINAR_BC,C:\Xcalibur\methods\Kujawinski\BC Derivatization\UPLC_neg_HCD_OT_071620_60k_noDE_16min_targetedMS2only_170to1000_35,G:D8,5,1,CINAR_BC_77 neg,CINAR_BC_77,neg,1,rep,27
Unknown,mtab_CINAR_BC_lumos_032822_47,R:A1,D:\Kujawinski\2022_0328 CINAR_BC,C:\Xcalibur\methods\Kujawinski\BC Derivatization\UPLC_neg_HCD_OT_071620_60k_noDE_16min_targetedMS2only_170to1000_35,G:D9,5,1,CINAR_BC_50 neg,CINAR_BC_50,neg,1,rep,28
Unknown,mtab_CINAR_BC_lumos_032822_48,R:A1,D:\Kujawinski\2022_0328 CINAR_BC,C:\Xcalibur\methods\Kujawinski\BC Derivatization\UPLC_neg_HCD_OT_071620_60k_noDE_16min_targetedMS2only_170to1000_35,G:E1,5,1,CINAR_BC_83 neg,CINAR_BC_83,neg,1,rep,29
Unknown,mtab_CINAR_BC_lumos_032822_49,R:A1,D:\Kujawinski\2022_0328 CINAR_BC,C:\Xcalibur\methods\Kujawinski\BC Derivatization\UPLC_neg_HCD_OT_071620_60k_noDE_16min_targetedMS2only_170to1000_35,G:E2,5,1,CINAR_BC_37 neg,CINAR_BC_37,neg,1,rep,30
Unknown,mtab_CINAR_BC_lumos_032822_50,R:A1,D:\Kujawinski\2022_0328 CINAR_BC,C:\Xcalibur\methods\Kujawinski\BC Derivatization\UPLC_neg_HCD_OT_071620_60k_noDE_16min_targetedMS2only_170to1000_35,G:A2,5,1,CINAR_BC_pool neg,p4CINAR_BC,neg,1,pool,31
Unknown,mtab_CINAR_BC_lumos_032822_51,R:A1,D:\Kujawinski\2022_0328 CINAR_BC,C:\Xcalibur\methods\Kujawinski\BC Derivatization\UPLC_neg_HCD_OT_071620_60k_noDE_16min_targetedMS2only_170to1000_35,G:E3,5,1,CINAR_BC_67 neg,CINAR_BC_67,neg,1,rep,32
Unknown,mtab_CINAR_BC_lumos_032822_52,R:A1,D:\Kujawinski\2022_0328 CINAR_BC,C:\Xcalibur\methods\Kujawinski\BC Derivatization\UPLC_neg_HCD_OT_071620_60k_noDE_16min_targetedMS2only_170to1000_35,G:E4,5,1,CINAR_BC_69 neg,CINAR_BC_69,neg,1,rep,33
Unknown,mtab_CINAR_BC_lumos_032822_53,R:A1,D:\Kujawinski\2022_0328 CINAR_BC,C:\Xcalibur\methods\Kujawinski\BC Derivatization\UPLC_neg_HCD_OT_071620_60k_noDE_16min_targetedMS2only_170to1000_35,G:E5,5,1,CINAR_BC_45 neg,CINAR_BC_45,neg,1,rep,34
Unknown,mtab_CINAR_BC_lumos_032822_54,R:A1,D:\Kujawinski\2022_0328 CINAR_BC,C:\Xcalibur\methods\Kujawinski\BC Derivatization\UPLC_neg_HCD_OT_071620_60k_noDE_16min_targetedMS2only_170to1000_35,G:E6,5,1,CINAR_BC_3 neg,CINAR_BC_3,neg,1,rep,35
Unknown,mtab_CINAR_BC_lumos_032822_55,R:A1,D:\Kujawinski\2022_0328 CINAR_BC,C:\Xcalibur\methods\Kujawinski\BC Derivatization\UPLC_neg_HCD_OT_071620_60k_noDE_16min_targetedMS2only_170to1000_35,G:E7,5,1,CINAR_BC_111 neg,CINAR_BC_111,neg,1,rep,36
Unknown,mtab_CINAR_BC_lumos_032822_56,R:A1,D:\Kujawinski\2022_0328 CINAR_BC,C:\Xcalibur\methods\Kujawinski\BC Derivatization\UPLC_neg_HCD_OT_071620_60k_noDE_16min_targetedMS2only_170to1000_35,G:E8,5,1,CINAR_BC_80 neg,CINAR_BC_80,neg,1,rep,37
Unknown,mtab_CINAR_BC_lumos_032822_57,R:A1,D:\Kujawinski\2022_0328 CINAR_BC,C:\Xcalibur\methods\Kujawinski\BC Derivatization\UPLC_neg_HCD_OT_071620_60k_noDE_16min_targetedMS2only_170to1000_35,G:E9,5,1,CINAR_BC_81B neg,CINAR_BC_81B,neg,1,rep,38
Unknown,mtab_CINAR_BC_lumos_032822_58,R:A1,D:\Kujawinski\2022_0328 CINAR_BC,C:\Xcalibur\methods\Kujawinski\BC Derivatization\UPLC_neg_HCD_OT_071620_60k_noDE_16min_targetedMS2only_170to1000_35,G:F1,5,1,CINAR_BC_86 neg,CINAR_BC_86,neg,1,rep,39
Unknown,mtab_CINAR_BC_lumos_032822_59,R:A1,D:\Kujawinski\2022_0328 CINAR_BC,C:\Xcalibur\methods\Kujawinski\BC Derivatization\UPLC_neg_HCD_OT_071620_60k_noDE_16min_targetedMS2only_170to1000_35,G:F2,5,1,CINAR_BC_71 neg,CINAR_BC_71,neg,1,rep,40
Unknown,mtab_CINAR_BC_lumos_032822_60,R:A1,D:\Kujawinski\2022_0328 CINAR_BC,C:\Xcalibur\methods\Kujawinski\BC Derivatization\UPLC_neg_HCD_OT_071620_60k_noDE_16min_targetedMS2only_170to1000_35,G:A2,5,1,CINAR_BC_pool neg,p5CINAR_BC,neg,1,pool,41
Unknown,mtab_CINAR_BC_lumos_032822_61,R:A1,D:\Kujawinski\2022_0328 CINAR_BC,C:\Xcalibur\methods\Kujawinski\BC Derivatization\UPLC_neg_HCD_OT_071620_60k_noDE_16min_targetedMS2only_170to1000_35,G:F3,5,1,CINAR_BC_118 neg,CINAR_BC_118,neg,1,rep,42
Unknown,mtab_CINAR_BC_lumos_032822_62,R:A1,D:\Kujawinski\2022_0328 CINAR_BC,C:\Xcalibur\methods\Kujawinski\BC Derivatization\UPLC_neg_HCD_OT_071620_60k_noDE_16min_targetedMS2only_170to1000_35,G:F4,5,1,CINAR_BC_42 neg,CINAR_BC_42,neg,1,rep,43
Unknown,mtab_CINAR_BC_lumos_032822_63,R:A1,D:\Kujawinski\2022_0328 CINAR_BC,C:\Xcalibur\methods\Kujawinski\BC Derivatization\UPLC_neg_HCD_OT_071620_60k_noDE_16min_targetedMS2only_170to1000_35,G:F5,5,1,CINAR_BC_74 neg,CINAR_BC_74,neg,1,rep,44
Unknown,mtab_CINAR_BC_lumos_032822_64,R:A1,D:\Kujawinski\2022_0328 CINAR_BC,C:\Xcalibur\methods\Kujawinski\BC Derivatization\UPLC_neg_HCD_OT_071620_60k_noDE_16min_targetedMS2only_170to1000_35,G:F6,5,1,CINAR_BC_56 neg,CINAR_BC_56,neg,1,rep,45
Unknown,mtab_CINAR_BC_lumos_032822_65,R:A1,D:\Kujawinski\2022_0328 CINAR_BC,C:\Xcalibur\methods\Kujawinski\BC Derivatization\UPLC_neg_HCD_OT_071620_60k_noDE_16min_targetedMS2only_170to1000_35,G:F7,5,1,CINAR_BC_57 neg,CINAR_BC_57,neg,1,rep,46
Unknown,mtab_CINAR_BC_lumos_032822_66,R:A1,D:\Kujawinski\2022_0328 CINAR_BC,C:\Xcalibur\methods\Kujawinski\BC Derivatization\UPLC_neg_HCD_OT_071620_60k_noDE_16min_targetedMS2only_170to1000_35,G:F8,5,1,CINAR_BC_117 neg,CINAR_BC_117,neg,1,rep,47
Unknown,mtab_CINAR_BC_lumos_032822_67,R:A1,D:\Kujawinski\2022_0328 CINAR_BC,C:\Xcalibur\methods\Kujawinski\BC Derivatization\UPLC_neg_HCD_OT_071620_60k_noDE_16min_targetedMS2only_170to1000_35,G:F9,5,1,CINAR_BC_54 neg,CINAR_BC_54,neg,1,rep,48
Unknown,mtab_CINAR_BC_lumos_032822_68,R:A1,D:\Kujawinski\2022_0328 CINAR_BC,C:\Xcalibur\methods\Kujawinski\BC Derivatization\UPLC_neg_HCD_OT_071620_60k_noDE_16min_targetedMS2only_170to1000_35,B:A1,5,1,CINAR_BC_107 neg,CINAR_BC_107,neg,1,rep,49
Unknown,mtab_CINAR_BC_lumos_032822_69,R:A1,D:\Kujawinski\2022_0328 CINAR_BC,C:\Xcalibur\methods\Kujawinski\BC Derivatization\UPLC_neg_HCD_OT_071620_60k_noDE_16min_targetedMS2only_170to1000_35,B:A2,5,1,CINAR_BC_76 neg,CINAR_BC_76,neg,1,rep,50
Unknown,mtab_CINAR_BC_lumos_032822_70,R:A1,D:\Kujawinski\2022_0328 CINAR_BC,C:\Xcalibur\methods\Kujawinski\BC Derivatization\UPLC_neg_HCD_OT_071620_60k_noDE_16min_targetedMS2only_170to1000_35,G:A2,5,1,CINAR_BC_pool neg,p6CINAR_BC,neg,1,pool,51
Unknown,mtab_CINAR_BC_lumos_032822_71,R:A1,D:\Kujawinski\2022_0328 CINAR_BC,C:\Xcalibur\methods\Kujawinski\BC Derivatization\UPLC_neg_HCD_OT_071620_60k_noDE_16min_targetedMS2only_170to1000_35,B:A3,5,1,CINAR_BC_75 neg,CINAR_BC_75,neg,1,rep,52
Unknown,mtab_CINAR_BC_lumos_032822_72,R:A1,D:\Kujawinski\2022_0328 CINAR_BC,C:\Xcalibur\methods\Kujawinski\BC Derivatization\UPLC_neg_HCD_OT_071620_60k_noDE_16min_targetedMS2only_170to1000_35,B:A4,5,1,CINAR_BC_13 neg,CINAR_BC_13,neg,1,rep,53
Unknown,mtab_CINAR_BC_lumos_032822_73,R:A1,D:\Kujawinski\2022_0328 CINAR_BC,C:\Xcalibur\methods\Kujawinski\BC Derivatization\UPLC_neg_HCD_OT_071620_60k_noDE_16min_targetedMS2only_170to1000_35,B:A5,5,1,CINAR_BC_11 neg,CINAR_BC_11,neg,1,rep,54
Unknown,mtab_CINAR_BC_lumos_032822_74,R:A1,D:\Kujawinski\2022_0328 CINAR_BC,C:\Xcalibur\methods\Kujawinski\BC Derivatization\UPLC_neg_HCD_OT_071620_60k_noDE_16min_targetedMS2only_170to1000_35,B:A6,5,1,CINAR_BC_91 neg,CINAR_BC_91,neg,1,rep,55
Unknown,mtab_CINAR_BC_lumos_032822_75,R:A1,D:\Kujawinski\2022_0328 CINAR_BC,C:\Xcalibur\methods\Kujawinski\BC Derivatization\UPLC_neg_HCD_OT_071620_60k_noDE_16min_targetedMS2only_170to1000_35,B:A7,5,1,CINAR_BC_52 neg,CINAR_BC_52,neg,1,rep,56
Unknown,mtab_CINAR_BC_lumos_032822_76,R:A1,D:\Kujawinski\2022_0328 CINAR_BC,C:\Xcalibur\methods\Kujawinski\BC Derivatization\UPLC_neg_HCD_OT_071620_60k_noDE_16min_targetedMS2only_170to1000_35,B:A8,5,1,CINAR_BC_60 neg,CINAR_BC_60,neg,1,rep,57
Unknown,mtab_CINAR_BC_lumos_032822_77,R:A1,D:\Kujawinski\2022_0328 CINAR_BC,C:\Xcalibur\methods\Kujawinski\BC Derivatization\UPLC_neg_HCD_OT_071620_60k_noDE_16min_targetedMS2only_170to1000_35,B:A9,5,1,CINAR_BC_53 neg,CINAR_BC_53,neg,1,rep,58
Unknown,mtab_CINAR_BC_lumos_032822_78,R:A1,D:\Kujawinski\2022_0328 CINAR_BC,C:\Xcalibur\methods\Kujawinski\BC Derivatization\UPLC_neg_HCD_OT_071620_60k_noDE_16min_targetedMS2only_170to1000_35,B:B1,5,1,CINAR_BC_9 neg,CINAR_BC_9,neg,1,rep,59
Unknown,mtab_CINAR_BC_lumos_032822_79,R:A1,D:\Kujawinski\2022_0328 CINAR_BC,C:\Xcalibur\methods\Kujawinski\BC Derivatization\UPLC_neg_HCD_OT_071620_60k_noDE_16min_targetedMS2only_170to1000_35,G:A2,5,1,CINAR_BC_pool neg,p7CINAR_BC,neg,1,pool,60
Unknown,mtab_CINAR_BC_lumos_032822_80,R:A1,D:\Kujawinski\2022_0328 CINAR_BC,C:\Xcalibur\methods\Kujawinski\BC Derivatization\UPLC_neg_HCD_OT_071620_60k_noDE_16min_targetedMS2only_170to1000_35,B:B2,5,1,CINAR_BC_68 neg,CINAR_BC_68,neg,1,rep,61
Unknown,mtab_CINAR_BC_lumos_032822_81,R:A1,D:\Kujawinski\2022_0328 CINAR_BC,C:\Xcalibur\methods\Kujawinski\BC Derivatization\UPLC_neg_HCD_OT_071620_60k_noDE_16min_targetedMS2only_170to1000_35,B:B3,5,1,CINAR_BC_82 neg,CINAR_BC_82,neg,1,rep,62
Unknown,mtab_CINAR_BC_lumos_032822_82,R:A1,D:\Kujawinski\2022_0328 CINAR_BC,C:\Xcalibur\methods\Kujawinski\BC Derivatization\UPLC_neg_HCD_OT_071620_60k_noDE_16min_targetedMS2only_170to1000_35,B:B4,5,1,CINAR_BC_79 neg,CINAR_BC_79,neg,1,rep,63
Unknown,mtab_CINAR_BC_lumos_032822_83,R:A1,D:\Kujawinski\2022_0328 CINAR_BC,C:\Xcalibur\methods\Kujawinski\BC Derivatization\UPLC_neg_HCD_OT_071620_60k_noDE_16min_targetedMS2only_170to1000_35,B:B5,5,1,CINAR_BC_36 neg,CINAR_BC_36,neg,1,rep,64
Unknown,mtab_CINAR_BC_lumos_032822_84,R:A1,D:\Kujawinski\2022_0328 CINAR_BC,C:\Xcalibur\methods\Kujawinski\BC Derivatization\UPLC_neg_HCD_OT_071620_60k_noDE_16min_targetedMS2only_170to1000_35,B:B6,5,1,CINAR_BC_81A neg,CINAR_BC_81A,neg,1,rep,65
Unknown,mtab_CINAR_BC_lumos_032822_85,R:A1,D:\Kujawinski\2022_0328 CINAR_BC,C:\Xcalibur\methods\Kujawinski\BC Derivatization\UPLC_neg_HCD_OT_071620_60k_noDE_16min_targetedMS2only_170to1000_35,B:B7,5,1,CINAR_BC_101 neg,CINAR_BC_101,neg,1,rep,66
Unknown,mtab_CINAR_BC_lumos_032822_86,R:A1,D:\Kujawinski\2022_0328 CINAR_BC,C:\Xcalibur\methods\Kujawinski\BC Derivatization\UPLC_neg_HCD_OT_071620_60k_noDE_16min_targetedMS2only_170to1000_35,B:B8,5,1,CINAR_BC_6 neg,CINAR_BC_6,neg,1,rep,67
Unknown,mtab_CINAR_BC_lumos_032822_87,R:A1,D:\Kujawinski\2022_0328 CINAR_BC,C:\Xcalibur\methods\Kujawinski\BC Derivatization\UPLC_neg_HCD_OT_071620_60k_noDE_16min_targetedMS2only_170to1000_35,B:B9,5,1,CINAR_BC_108 neg,CINAR_BC_108,neg,1,rep,68
Unknown,mtab_CINAR_BC_lumos_032822_88,R:A1,D:\Kujawinski\2022_0328 CINAR_BC,C:\Xcalibur\methods\Kujawinski\BC Derivatization\UPLC_neg_HCD_OT_071620_60k_noDE_16min_targetedMS2only_170to1000_35,G:A2,5,1,CINAR_BC_pool neg,p8CINAR_BC,neg,1,pool,69
Unknown,mtab_CINAR_BC_lumos_032822_89,R:A1,D:\Kujawinski\2022_0328 CINAR_BC,C:\Xcalibur\methods\Kujawinski\BC Derivatization\UPLC_neg_HCD_OT_071620_60k_noDE_16min_targetedMS2only_170to1000_35,B:C1,5,1,CINAR_BC_85 neg,CINAR_BC_85,neg,1,rep,70
Unknown,mtab_CINAR_BC_lumos_032822_90,R:A1,D:\Kujawinski\2022_0328 CINAR_BC,C:\Xcalibur\methods\Kujawinski\BC Derivatization\UPLC_neg_HCD_OT_071620_60k_noDE_16min_targetedMS2only_170to1000_35,B:C2,5,1,CINAR_BC_44 neg,CINAR_BC_44,neg,1,rep,71
Unknown,mtab_CINAR_BC_lumos_032822_91,R:A1,D:\Kujawinski\2022_0328 CINAR_BC,C:\Xcalibur\methods\Kujawinski\BC Derivatization\UPLC_neg_HCD_OT_071620_60k_noDE_16min_targetedMS2only_170to1000_35,B:C3,5,1,CINAR_BC_98 neg,CINAR_BC_98,neg,1,rep,72
Unknown,mtab_CINAR_BC_lumos_032822_92,R:A1,D:\Kujawinski\2022_0328 CINAR_BC,C:\Xcalibur\methods\Kujawinski\BC Derivatization\UPLC_neg_HCD_OT_071620_60k_noDE_16min_targetedMS2only_170to1000_35,B:C4,5,1,CINAR_BC_39 neg,CINAR_BC_39,neg,1,rep,73
Unknown,mtab_CINAR_BC_lumos_032822_93,R:A1,D:\Kujawinski\2022_0328 CINAR_BC,C:\Xcalibur\methods\Kujawinski\BC Derivatization\UPLC_neg_HCD_OT_071620_60k_noDE_16min_targetedMS2only_170to1000_35,B:C5,5,1,CINAR_BC_43 neg,CINAR_BC_43,neg,1,rep,74
Unknown,mtab_CINAR_BC_lumos_032822_94,R:A1,D:\Kujawinski\2022_0328 CINAR_BC,C:\Xcalibur\methods\Kujawinski\BC Derivatization\UPLC_neg_HCD_OT_071620_60k_noDE_16min_targetedMS2only_170to1000_35,B:C6,5,1,CINAR_BC_62 neg,CINAR_BC_62,neg,1,rep,75
Unknown,mtab_CINAR_BC_lumos_032822_95,R:A1,D:\Kujawinski\2022_0328 CINAR_BC,C:\Xcalibur\methods\Kujawinski\BC Derivatization\UPLC_neg_HCD_OT_071620_60k_noDE_16min_targetedMS2only_170to1000_35,B:C7,5,1,CINAR_BC_4 neg,CINAR_BC_4,neg,1,rep,76
Unknown,mtab_CINAR_BC_lumos_032822_96,R:A1,D:\Kujawinski\2022_0328 CINAR_BC,C:\Xcalibur\methods\Kujawinski\BC Derivatization\UPLC_neg_HCD_OT_071620_60k_noDE_16min_targetedMS2only_170to1000_35,B:C8,5,1,CINAR_BC_63 neg,CINAR_BC_63,neg,1,rep,77
Unknown,mtab_CINAR_BC_lumos_032822_97,R:A1,D:\Kujawinski\2022_0328 CINAR_BC,C:\Xcalibur\methods\Kujawinski\BC Derivatization\UPLC_neg_HCD_OT_071620_60k_noDE_16min_targetedMS2only_170to1000_35,G:A2,5,1,CINAR_BC_pool neg,p9CINAR_BC,neg,1,pool,78
Unknown,mtab_CINAR_BC_lumos_032822_98,R:A1,D:\Kujawinski\2022_0328 CINAR_BC,C:\Xcalibur\methods\Kujawinski\BC Derivatization\UPLC_neg_HCD_OT_071620_60k_noDE_16min_targetedMS2only_170to1000_35,B:C9,5,1,CINAR_BC_109 neg,CINAR_BC_109,neg,1,rep,79
Unknown,mtab_CINAR_BC_lumos_032822_99,R:A1,D:\Kujawinski\2022_0328 CINAR_BC,C:\Xcalibur\methods\Kujawinski\BC Derivatization\UPLC_neg_HCD_OT_071620_60k_noDE_16min_targetedMS2only_170to1000_35,B:D1,5,1,CINAR_BC_96 neg,CINAR_BC_96,neg,1,rep,80
Unknown,mtab_CINAR_BC_lumos_032822_100,R:A1,D:\Kujawinski\2022_0328 CINAR_BC,C:\Xcalibur\methods\Kujawinski\BC Derivatization\UPLC_neg_HCD_OT_071620_60k_noDE_16min_targetedMS2only_170to1000_35,B:D2,5,1,CINAR_BC_90 neg,CINAR_BC_90,neg,1,rep,81
Unknown,mtab_CINAR_BC_lumos_032822_101,R:A1,D:\Kujawinski\2022_0328 CINAR_BC,C:\Xcalibur\methods\Kujawinski\BC Derivatization\UPLC_neg_HCD_OT_071620_60k_noDE_16min_targetedMS2only_170to1000_35,B:D3,5,1,CINAR_BC_95 neg,CINAR_BC_95,neg,1,rep,82
Unknown,mtab_CINAR_BC_lumos_032822_102,R:A1,D:\Kujawinski\2022_0328 CINAR_BC,C:\Xcalibur\methods\Kujawinski\BC Derivatization\UPLC_neg_HCD_OT_071620_60k_noDE_16min_targetedMS2only_170to1000_35,B:D4,5,1,CINAR_BC_46 neg,CINAR_BC_46,neg,1,rep,83
Unknown,mtab_CINAR_BC_lumos_032822_103,R:A1,D:\Kujawinski\2022_0328 CINAR_BC,C:\Xcalibur\methods\Kujawinski\BC Derivatization\UPLC_neg_HCD_OT_071620_60k_noDE_16min_targetedMS2only_170to1000_35,B:D5,5,1,CINAR_BC_40 neg,CINAR_BC_40,neg,1,rep,84
Unknown,mtab_CINAR_BC_lumos_032822_104,R:A1,D:\Kujawinski\2022_0328 CINAR_BC,C:\Xcalibur\methods\Kujawinski\BC Derivatization\UPLC_neg_HCD_OT_071620_60k_noDE_16min_targetedMS2only_170to1000_35,B:D6,5,1,CINAR_BC_12 neg,CINAR_BC_12,neg,1,rep,85
Unknown,mtab_CINAR_BC_lumos_032822_105,R:A1,D:\Kujawinski\2022_0328 CINAR_BC,C:\Xcalibur\methods\Kujawinski\BC Derivatization\UPLC_neg_HCD_OT_071620_60k_noDE_16min_targetedMS2only_170to1000_35,B:D7,5,1,CINAR_BC_2 neg,CINAR_BC_2,neg,1,rep,86
Unknown,mtab_CINAR_BC_lumos_032822_106,R:A1,D:\Kujawinski\2022_0328 CINAR_BC,C:\Xcalibur\methods\Kujawinski\BC Derivatization\UPLC_neg_HCD_OT_071620_60k_noDE_16min_targetedMS2only_170to1000_35,G:A2,5,1,CINAR_BC_pool neg,p10CINAR_BC,neg,1,pool,87
Unknown,mtab_CINAR_BC_lumos_032822_107,R:A1,D:\Kujawinski\2022_0328 CINAR_BC,C:\Xcalibur\methods\Kujawinski\BC Derivatization\UPLC_neg_HCD_OT_071620_60k_noDE_16min_targetedMS2only_170to1000_35,B:D8,5,1,CINAR_BC_114 neg,CINAR_BC_114,neg,1,rep,88
Unknown,mtab_CINAR_BC_lumos_032822_108,R:A1,D:\Kujawinski\2022_0328 CINAR_BC,C:\Xcalibur\methods\Kujawinski\BC Derivatization\UPLC_neg_HCD_OT_071620_60k_noDE_16min_targetedMS2only_170to1000_35,B:D9,5,1,CINAR_BC_78 neg,CINAR_BC_78,neg,1,rep,89
Unknown,mtab_CINAR_BC_lumos_032822_109,R:A1,D:\Kujawinski\2022_0328 CINAR_BC,C:\Xcalibur\methods\Kujawinski\BC Derivatization\UPLC_neg_HCD_OT_071620_60k_noDE_16min_targetedMS2only_170to1000_35,B:E1,5,1,CINAR_BC_105 neg,CINAR_BC_105,neg,1,rep,90
Unknown,mtab_CINAR_BC_lumos_032822_110,R:A1,D:\Kujawinski\2022_0328 CINAR_BC,C:\Xcalibur\methods\Kujawinski\BC Derivatization\UPLC_neg_HCD_OT_071620_60k_noDE_16min_targetedMS2only_170to1000_35,B:E2,5,1,CINAR_BC_5 neg,CINAR_BC_5,neg,1,rep,91
Unknown,mtab_CINAR_BC_lumos_032822_111,R:A1,D:\Kujawinski\2022_0328 CINAR_BC,C:\Xcalibur\methods\Kujawinski\BC Derivatization\UPLC_neg_HCD_OT_071620_60k_noDE_16min_targetedMS2only_170to1000_35,B:E3,5,1,CINAR_BC_73 neg,CINAR_BC_73,neg,1,rep,92
Unknown,mtab_CINAR_BC_lumos_032822_112,R:A1,D:\Kujawinski\2022_0328 CINAR_BC,C:\Xcalibur\methods\Kujawinski\BC Derivatization\UPLC_neg_HCD_OT_071620_60k_noDE_16min_targetedMS2only_170to1000_35,B:E4,5,1,CINAR_BC_88 neg,CINAR_BC_88,neg,1,rep,93
Unknown,mtab_CINAR_BC_lumos_032822_113,R:A1,D:\Kujawinski\2022_0328 CINAR_BC,C:\Xcalibur\methods\Kujawinski\BC Derivatization\UPLC_neg_HCD_OT_071620_60k_noDE_16min_targetedMS2only_170to1000_35,B:E5,5,1,CINAR_BC_97 neg,CINAR_BC_97,neg,1,rep,94
Unknown,mtab_CINAR_BC_lumos_032822_114,R:A1,D:\Kujawinski\2022_0328 CINAR_BC,C:\Xcalibur\methods\Kujawinski\BC Derivatization\UPLC_neg_HCD_OT_071620_60k_noDE_16min_targetedMS2only_170to1000_35,B:E6,5,1,CINAR_BC_72 neg,CINAR_BC_72,neg,1,rep,95
Unknown,mtab_CINAR_BC_lumos_032822_115,R:A1,D:\Kujawinski\2022_0328 CINAR_BC,C:\Xcalibur\methods\Kujawinski\BC Derivatization\UPLC_neg_HCD_OT_071620_60k_noDE_16min_targetedMS2only_170to1000_35,G:A2,5,1,CINAR_BC_pool neg,p11CINAR_BC,neg,1,pool,96
Unknown,mtab_CINAR_BC_lumos_032822_133,R:A1,D:\Kujawinski\2022_0328 CINAR_BC,C:\Xcalibur\methods\Kujawinski\BC Derivatization\UPLC_pos_HCD_OT_071620_60k_noDE_16min_targetedMS2only_170to1000_35,G:A2,5,1,CINAR_BC_pool pos,p1CINAR_BC,pos,1,pool,1
Unknown,mtab_CINAR_BC_lumos_032822_134,R:A1,D:\Kujawinski\2022_0328 CINAR_BC,C:\Xcalibur\methods\Kujawinski\BC Derivatization\UPLC_pos_HCD_OT_071620_60k_noDE_16min_targetedMS2only_170to1000_35,G:B3,5,1,CINAR_BC_49 pos,CINAR_BC_49,pos,1,rep,2
Unknown,mtab_CINAR_BC_lumos_032822_135,R:A1,D:\Kujawinski\2022_0328 CINAR_BC,C:\Xcalibur\methods\Kujawinski\BC Derivatization\UPLC_pos_HCD_OT_071620_60k_noDE_16min_targetedMS2only_170to1000_35,G:B4,5,1,CINAR_BC_8 pos,CINAR_BC_8,pos,1,rep,3
Unknown,mtab_CINAR_BC_lumos_032822_136,R:A1,D:\Kujawinski\2022_0328 CINAR_BC,C:\Xcalibur\methods\Kujawinski\BC Derivatization\UPLC_pos_HCD_OT_071620_60k_noDE_16min_targetedMS2only_170to1000_35,G:B5,5,1,CINAR_BC_1 pos,CINAR_BC_1,pos,1,rep,4
Unknown,mtab_CINAR_BC_lumos_032822_137,R:A1,D:\Kujawinski\2022_0328 CINAR_BC,C:\Xcalibur\methods\Kujawinski\BC Derivatization\UPLC_pos_HCD_OT_071620_60k_noDE_16min_targetedMS2only_170to1000_35,G:B6,5,1,CINAR_BC_84 pos,CINAR_BC_84,pos,1,rep,5
Unknown,mtab_CINAR_BC_lumos_032822_138,R:A1,D:\Kujawinski\2022_0328 CINAR_BC,C:\Xcalibur\methods\Kujawinski\BC Derivatization\UPLC_pos_HCD_OT_071620_60k_noDE_16min_targetedMS2only_170to1000_35,G:B7,5,1,CINAR_BC_70 pos,CINAR_BC_70,pos,1,rep,6
Unknown,mtab_CINAR_BC_lumos_032822_139,R:A1,D:\Kujawinski\2022_0328 CINAR_BC,C:\Xcalibur\methods\Kujawinski\BC Derivatization\UPLC_pos_HCD_OT_071620_60k_noDE_16min_targetedMS2only_170to1000_35,G:B8,5,1,CINAR_BC_99 pos,CINAR_BC_99,pos,1,rep,7
Unknown,mtab_CINAR_BC_lumos_032822_140,R:A1,D:\Kujawinski\2022_0328 CINAR_BC,C:\Xcalibur\methods\Kujawinski\BC Derivatization\UPLC_pos_HCD_OT_071620_60k_noDE_16min_targetedMS2only_170to1000_35,G:B9,5,1,CINAR_BC_116 pos,CINAR_BC_116,pos,1,rep,8
Unknown,mtab_CINAR_BC_lumos_032822_141,R:A1,D:\Kujawinski\2022_0328 CINAR_BC,C:\Xcalibur\methods\Kujawinski\BC Derivatization\UPLC_pos_HCD_OT_071620_60k_noDE_16min_targetedMS2only_170to1000_35,G:C1,5,1,CINAR_BC_112 pos,CINAR_BC_112,pos,1,rep,9
Unknown,mtab_CINAR_BC_lumos_032822_142,R:A1,D:\Kujawinski\2022_0328 CINAR_BC,C:\Xcalibur\methods\Kujawinski\BC Derivatization\UPLC_pos_HCD_OT_071620_60k_noDE_16min_targetedMS2only_170to1000_35,G:C2,5,1,CINAR_BC_103 pos,CINAR_BC_103,pos,1,rep,10
Unknown,mtab_CINAR_BC_lumos_032822_143,R:A1,D:\Kujawinski\2022_0328 CINAR_BC,C:\Xcalibur\methods\Kujawinski\BC Derivatization\UPLC_pos_HCD_OT_071620_60k_noDE_16min_targetedMS2only_170to1000_35,G:A2,5,1,CINAR_BC_pool pos,p2CINAR_BC,pos,1,pool,11
Unknown,mtab_CINAR_BC_lumos_032822_144,R:A1,D:\Kujawinski\2022_0328 CINAR_BC,C:\Xcalibur\methods\Kujawinski\BC Derivatization\UPLC_pos_HCD_OT_071620_60k_noDE_16min_targetedMS2only_170to1000_35,G:C3,5,1,CINAR_BC_66 pos,CINAR_BC_66,pos,1,rep,12
Unknown,mtab_CINAR_BC_lumos_032822_145,R:A1,D:\Kujawinski\2022_0328 CINAR_BC,C:\Xcalibur\methods\Kujawinski\BC Derivatization\UPLC_pos_HCD_OT_071620_60k_noDE_16min_targetedMS2only_170to1000_35,G:C4,5,1,CINAR_BC_120 pos,CINAR_BC_120,pos,1,rep,13
Unknown,mtab_CINAR_BC_lumos_032822_146,R:A1,D:\Kujawinski\2022_0328 CINAR_BC,C:\Xcalibur\methods\Kujawinski\BC Derivatization\UPLC_pos_HCD_OT_071620_60k_noDE_16min_targetedMS2only_170to1000_35,G:C5,5,1,CINAR_BC_65 pos,CINAR_BC_65,pos,1,rep,14
Unknown,mtab_CINAR_BC_lumos_032822_147,R:A1,D:\Kujawinski\2022_0328 CINAR_BC,C:\Xcalibur\methods\Kujawinski\BC Derivatization\UPLC_pos_HCD_OT_071620_60k_noDE_16min_targetedMS2only_170to1000_35,G:C6,5,1,CINAR_BC_48 pos,CINAR_BC_48,pos,1,rep,15
Unknown,mtab_CINAR_BC_lumos_032822_148,R:A1,D:\Kujawinski\2022_0328 CINAR_BC,C:\Xcalibur\methods\Kujawinski\BC Derivatization\UPLC_pos_HCD_OT_071620_60k_noDE_16min_targetedMS2only_170to1000_35,G:C7,5,1,CINAR_BC_113 pos,CINAR_BC_113,pos,1,rep,16
Unknown,mtab_CINAR_BC_lumos_032822_149,R:A1,D:\Kujawinski\2022_0328 CINAR_BC,C:\Xcalibur\methods\Kujawinski\BC Derivatization\UPLC_pos_HCD_OT_071620_60k_noDE_16min_targetedMS2only_170to1000_35,G:C8,5,1,CINAR_BC_41 pos,CINAR_BC_41,pos,1,rep,17
Unknown,mtab_CINAR_BC_lumos_032822_150,R:A1,D:\Kujawinski\2022_0328 CINAR_BC,C:\Xcalibur\methods\Kujawinski\BC Derivatization\UPLC_pos_HCD_OT_071620_60k_noDE_16min_targetedMS2only_170to1000_35,G:C9,5,1,CINAR_BC_61 pos,CINAR_BC_61,pos,1,rep,18
Unknown,mtab_CINAR_BC_lumos_032822_151,R:A1,D:\Kujawinski\2022_0328 CINAR_BC,C:\Xcalibur\methods\Kujawinski\BC Derivatization\UPLC_pos_HCD_OT_071620_60k_noDE_16min_targetedMS2only_170to1000_35,G:D1,5,1,CINAR_BC_93 pos,CINAR_BC_93,pos,1,rep,19
Unknown,mtab_CINAR_BC_lumos_032822_152,R:A1,D:\Kujawinski\2022_0328 CINAR_BC,C:\Xcalibur\methods\Kujawinski\BC Derivatization\UPLC_pos_HCD_OT_071620_60k_noDE_16min_targetedMS2only_170to1000_35,G:D2,5,1,CINAR_BC_102 pos,CINAR_BC_102,pos,1,rep,20
Unknown,mtab_CINAR_BC_lumos_032822_153,R:A1,D:\Kujawinski\2022_0328 CINAR_BC,C:\Xcalibur\methods\Kujawinski\BC Derivatization\UPLC_pos_HCD_OT_071620_60k_noDE_16min_targetedMS2only_170to1000_35,G:A2,5,1,CINAR_BC_pool pos,p3CINAR_BC,pos,1,pool,21
Unknown,mtab_CINAR_BC_lumos_032822_154,R:A1,D:\Kujawinski\2022_0328 CINAR_BC,C:\Xcalibur\methods\Kujawinski\BC Derivatization\UPLC_pos_HCD_OT_071620_60k_noDE_16min_targetedMS2only_170to1000_35,G:D3,5,1,CINAR_BC_55 pos,CINAR_BC_55,pos,1,rep,22
Unknown,mtab_CINAR_BC_lumos_032822_155,R:A1,D:\Kujawinski\2022_0328 CINAR_BC,C:\Xcalibur\methods\Kujawinski\BC Derivatization\UPLC_pos_HCD_OT_071620_60k_noDE_16min_targetedMS2only_170to1000_35,G:D4,5,1,CINAR_BC_110 pos,CINAR_BC_110,pos,1,rep,23
Unknown,mtab_CINAR_BC_lumos_032822_156,R:A1,D:\Kujawinski\2022_0328 CINAR_BC,C:\Xcalibur\methods\Kujawinski\BC Derivatization\UPLC_pos_HCD_OT_071620_60k_noDE_16min_targetedMS2only_170to1000_35,G:D5,5,1,CINAR_BC_100 pos,CINAR_BC_100,pos,1,rep,24
Unknown,mtab_CINAR_BC_lumos_032822_157,R:A1,D:\Kujawinski\2022_0328 CINAR_BC,C:\Xcalibur\methods\Kujawinski\BC Derivatization\UPLC_pos_HCD_OT_071620_60k_noDE_16min_targetedMS2only_170to1000_35,G:D6,5,1,CINAR_BC_115 pos,CINAR_BC_115,pos,1,rep,25
Unknown,mtab_CINAR_BC_lumos_032822_158,R:A1,D:\Kujawinski\2022_0328 CINAR_BC,C:\Xcalibur\methods\Kujawinski\BC Derivatization\UPLC_pos_HCD_OT_071620_60k_noDE_16min_targetedMS2only_170to1000_35,G:D7,5,1,CINAR_BC_119 pos,CINAR_BC_119,pos,1,rep,26
Unknown,mtab_CINAR_BC_lumos_032822_159,R:A1,D:\Kujawinski\2022_0328 CINAR_BC,C:\Xcalibur\methods\Kujawinski\BC Derivatization\UPLC_pos_HCD_OT_071620_60k_noDE_16min_targetedMS2only_170to1000_35,G:D8,5,1,CINAR_BC_77 pos,CINAR_BC_77,pos,1,rep,27
Unknown,mtab_CINAR_BC_lumos_032822_160,R:A1,D:\Kujawinski\2022_0328 CINAR_BC,C:\Xcalibur\methods\Kujawinski\BC Derivatization\UPLC_pos_HCD_OT_071620_60k_noDE_16min_targetedMS2only_170to1000_35,G:D9,5,1,CINAR_BC_50 pos,CINAR_BC_50,pos,1,rep,28
Unknown,mtab_CINAR_BC_lumos_032822_161,R:A1,D:\Kujawinski\2022_0328 CINAR_BC,C:\Xcalibur\methods\Kujawinski\BC Derivatization\UPLC_pos_HCD_OT_071620_60k_noDE_16min_targetedMS2only_170to1000_35,G:E1,5,1,CINAR_BC_83 pos,CINAR_BC_83,pos,1,rep,29
Unknown,mtab_CINAR_BC_lumos_032822_162,R:A1,D:\Kujawinski\2022_0328 CINAR_BC,C:\Xcalibur\methods\Kujawinski\BC Derivatization\UPLC_pos_HCD_OT_071620_60k_noDE_16min_targetedMS2only_170to1000_35,G:E2,5,1,CINAR_BC_37 pos,CINAR_BC_37,pos,1,rep,30
Unknown,mtab_CINAR_BC_lumos_032822_163,R:A1,D:\Kujawinski\2022_0328 CINAR_BC,C:\Xcalibur\methods\Kujawinski\BC Derivatization\UPLC_pos_HCD_OT_071620_60k_noDE_16min_targetedMS2only_170to1000_35,G:A2,5,1,CINAR_BC_pool pos,p4CINAR_BC,pos,1,pool,31
Unknown,mtab_CINAR_BC_lumos_032822_164,R:A1,D:\Kujawinski\2022_0328 CINAR_BC,C:\Xcalibur\methods\Kujawinski\BC Derivatization\UPLC_pos_HCD_OT_071620_60k_noDE_16min_targetedMS2only_170to1000_35,G:E3,5,1,CINAR_BC_67 pos,CINAR_BC_67,pos,1,rep,32
Unknown,mtab_CINAR_BC_lumos_032822_165,R:A1,D:\Kujawinski\2022_0328 CINAR_BC,C:\Xcalibur\methods\Kujawinski\BC Derivatization\UPLC_pos_HCD_OT_071620_60k_noDE_16min_targetedMS2only_170to1000_35,G:E4,5,1,CINAR_BC_69 pos,CINAR_BC_69,pos,1,rep,33
Unknown,mtab_CINAR_BC_lumos_032822_166,R:A1,D:\Kujawinski\2022_0328 CINAR_BC,C:\Xcalibur\methods\Kujawinski\BC Derivatization\UPLC_pos_HCD_OT_071620_60k_noDE_16min_targetedMS2only_170to1000_35,G:E5,5,1,CINAR_BC_45 pos,CINAR_BC_45,pos,1,rep,34
Unknown,mtab_CINAR_BC_lumos_032822_167,R:A1,D:\Kujawinski\2022_0328 CINAR_BC,C:\Xcalibur\methods\Kujawinski\BC Derivatization\UPLC_pos_HCD_OT_071620_60k_noDE_16min_targetedMS2only_170to1000_35,G:E6,5,1,CINAR_BC_3 pos,CINAR_BC_3,pos,1,rep,35
Unknown,mtab_CINAR_BC_lumos_032822_168,R:A1,D:\Kujawinski\2022_0328 CINAR_BC,C:\Xcalibur\methods\Kujawinski\BC Derivatization\UPLC_pos_HCD_OT_071620_60k_noDE_16min_targetedMS2only_170to1000_35,G:E7,5,1,CINAR_BC_111 pos,CINAR_BC_111,pos,1,rep,36
Unknown,mtab_CINAR_BC_lumos_032822_169,R:A1,D:\Kujawinski\2022_0328 CINAR_BC,C:\Xcalibur\methods\Kujawinski\BC Derivatization\UPLC_pos_HCD_OT_071620_60k_noDE_16min_targetedMS2only_170to1000_35,G:E8,5,1,CINAR_BC_80 pos,CINAR_BC_80,pos,1,rep,37
Unknown,mtab_CINAR_BC_lumos_032822_170,R:A1,D:\Kujawinski\2022_0328 CINAR_BC,C:\Xcalibur\methods\Kujawinski\BC Derivatization\UPLC_pos_HCD_OT_071620_60k_noDE_16min_targetedMS2only_170to1000_35,G:E9,5,1,CINAR_BC_81B pos,CINAR_BC_81B,pos,1,rep,38
Unknown,mtab_CINAR_BC_lumos_032822_171,R:A1,D:\Kujawinski\2022_0328 CINAR_BC,C:\Xcalibur\methods\Kujawinski\BC Derivatization\UPLC_pos_HCD_OT_071620_60k_noDE_16min_targetedMS2only_170to1000_35,G:F1,5,1,CINAR_BC_86 pos,CINAR_BC_86,pos,1,rep,39
Unknown,mtab_CINAR_BC_lumos_032822_172,R:A1,D:\Kujawinski\2022_0328 CINAR_BC,C:\Xcalibur\methods\Kujawinski\BC Derivatization\UPLC_pos_HCD_OT_071620_60k_noDE_16min_targetedMS2only_170to1000_35,G:F2,5,1,CINAR_BC_71 pos,CINAR_BC_71,pos,1,rep,40
Unknown,mtab_CINAR_BC_lumos_032822_173,R:A1,D:\Kujawinski\2022_0328 CINAR_BC,C:\Xcalibur\methods\Kujawinski\BC Derivatization\UPLC_pos_HCD_OT_071620_60k_noDE_16min_targetedMS2only_170to1000_35,G:A2,5,1,CINAR_BC_pool pos,p5CINAR_BC,pos,1,pool,41
Unknown,mtab_CINAR_BC_lumos_032822_174,R:A1,D:\Kujawinski\2022_0328 CINAR_BC,C:\Xcalibur\methods\Kujawinski\BC Derivatization\UPLC_pos_HCD_OT_071620_60k_noDE_16min_targetedMS2only_170to1000_35,G:F3,5,1,CINAR_BC_118 pos,CINAR_BC_118,pos,1,rep,42
Unknown,mtab_CINAR_BC_lumos_032822_175,R:A1,D:\Kujawinski\2022_0328 CINAR_BC,C:\Xcalibur\methods\Kujawinski\BC Derivatization\UPLC_pos_HCD_OT_071620_60k_noDE_16min_targetedMS2only_170to1000_35,G:F4,5,1,CINAR_BC_42 pos,CINAR_BC_42,pos,1,rep,43
Unknown,mtab_CINAR_BC_lumos_032822_176,R:A1,D:\Kujawinski\2022_0328 CINAR_BC,C:\Xcalibur\methods\Kujawinski\BC Derivatization\UPLC_pos_HCD_OT_071620_60k_noDE_16min_targetedMS2only_170to1000_35,G:F5,5,1,CINAR_BC_74 pos,CINAR_BC_74,pos,1,rep,44
Unknown,mtab_CINAR_BC_lumos_032822_177,R:A1,D:\Kujawinski\2022_0328 CINAR_BC,C:\Xcalibur\methods\Kujawinski\BC Derivatization\UPLC_pos_HCD_OT_071620_60k_noDE_16min_targetedMS2only_170to1000_35,G:F6,5,1,CINAR_BC_56 pos,CINAR_BC_56,pos,1,rep,45
Unknown,mtab_CINAR_BC_lumos_032822_178,R:A1,D:\Kujawinski\2022_0328 CINAR_BC,C:\Xcalibur\methods\Kujawinski\BC Derivatization\UPLC_pos_HCD_OT_071620_60k_noDE_16min_targetedMS2only_170to1000_35,G:F7,5,1,CINAR_BC_57 pos,CINAR_BC_57,pos,1,rep,46
Unknown,mtab_CINAR_BC_lumos_032822_179,R:A1,D:\Kujawinski\2022_0328 CINAR_BC,C:\Xcalibur\methods\Kujawinski\BC Derivatization\UPLC_pos_HCD_OT_071620_60k_noDE_16min_targetedMS2only_170to1000_35,G:F8,5,1,CINAR_BC_117 pos,CINAR_BC_117,pos,1,rep,47
Unknown,mtab_CINAR_BC_lumos_032822_180,R:A1,D:\Kujawinski\2022_0328 CINAR_BC,C:\Xcalibur\methods\Kujawinski\BC Derivatization\UPLC_pos_HCD_OT_071620_60k_noDE_16min_targetedMS2only_170to1000_35,G:F9,5,1,CINAR_BC_54 pos,CINAR_BC_54,pos,1,rep,48
Unknown,mtab_CINAR_BC_lumos_032822_181,R:A1,D:\Kujawinski\2022_0328 CINAR_BC,C:\Xcalibur\methods\Kujawinski\BC Derivatization\UPLC_pos_HCD_OT_071620_60k_noDE_16min_targetedMS2only_170to1000_35,B:A1,5,1,CINAR_BC_107 pos,CINAR_BC_107,pos,1,rep,49
Unknown,mtab_CINAR_BC_lumos_032822_182,R:A1,D:\Kujawinski\2022_0328 CINAR_BC,C:\Xcalibur\methods\Kujawinski\BC Derivatization\UPLC_pos_HCD_OT_071620_60k_noDE_16min_targetedMS2only_170to1000_35,B:A2,5,1,CINAR_BC_76 pos,CINAR_BC_76,pos,1,rep,50
Unknown,mtab_CINAR_BC_lumos_032822_183,R:A1,D:\Kujawinski\2022_0328 CINAR_BC,C:\Xcalibur\methods\Kujawinski\BC Derivatization\UPLC_pos_HCD_OT_071620_60k_noDE_16min_targetedMS2only_170to1000_35,G:A2,5,1,CINAR_BC_pool pos,p6CINAR_BC,pos,1,pool,51
Unknown,mtab_CINAR_BC_lumos_032822_184,R:A1,D:\Kujawinski\2022_0328 CINAR_BC,C:\Xcalibur\methods\Kujawinski\BC Derivatization\UPLC_pos_HCD_OT_071620_60k_noDE_16min_targetedMS2only_170to1000_35,B:A3,5,1,CINAR_BC_75 pos,CINAR_BC_75,pos,1,rep,52
Unknown,mtab_CINAR_BC_lumos_032822_185,R:A1,D:\Kujawinski\2022_0328 CINAR_BC,C:\Xcalibur\methods\Kujawinski\BC Derivatization\UPLC_pos_HCD_OT_071620_60k_noDE_16min_targetedMS2only_170to1000_35,B:A4,5,1,CINAR_BC_13 pos,CINAR_BC_13,pos,1,rep,53
Unknown,mtab_CINAR_BC_lumos_032822_186,R:A1,D:\Kujawinski\2022_0328 CINAR_BC,C:\Xcalibur\methods\Kujawinski\BC Derivatization\UPLC_pos_HCD_OT_071620_60k_noDE_16min_targetedMS2only_170to1000_35,B:A5,5,1,CINAR_BC_11 pos,CINAR_BC_11,pos,1,rep,54
Unknown,mtab_CINAR_BC_lumos_032822_187,R:A1,D:\Kujawinski\2022_0328 CINAR_BC,C:\Xcalibur\methods\Kujawinski\BC Derivatization\UPLC_pos_HCD_OT_071620_60k_noDE_16min_targetedMS2only_170to1000_35,B:A6,5,1,CINAR_BC_91 pos,CINAR_BC_91,pos,1,rep,55
Unknown,mtab_CINAR_BC_lumos_032822_188,R:A1,D:\Kujawinski\2022_0328 CINAR_BC,C:\Xcalibur\methods\Kujawinski\BC Derivatization\UPLC_pos_HCD_OT_071620_60k_noDE_16min_targetedMS2only_170to1000_35,B:A7,5,1,CINAR_BC_52 pos,CINAR_BC_52,pos,1,rep,56
Unknown,mtab_CINAR_BC_lumos_032822_189,R:A1,D:\Kujawinski\2022_0328 CINAR_BC,C:\Xcalibur\methods\Kujawinski\BC Derivatization\UPLC_pos_HCD_OT_071620_60k_noDE_16min_targetedMS2only_170to1000_35,B:A8,5,1,CINAR_BC_60 pos,CINAR_BC_60,pos,1,rep,57
Unknown,mtab_CINAR_BC_lumos_032822_190,R:A1,D:\Kujawinski\2022_0328 CINAR_BC,C:\Xcalibur\methods\Kujawinski\BC Derivatization\UPLC_pos_HCD_OT_071620_60k_noDE_16min_targetedMS2only_170to1000_35,B:A9,5,1,CINAR_BC_53 pos,CINAR_BC_53,pos,1,rep,58
Unknown,mtab_CINAR_BC_lumos_032822_191,R:A1,D:\Kujawinski\2022_0328 CINAR_BC,C:\Xcalibur\methods\Kujawinski\BC Derivatization\UPLC_pos_HCD_OT_071620_60k_noDE_16min_targetedMS2only_170to1000_35,B:B1,5,1,CINAR_BC_9 pos,CINAR_BC_9,pos,1,rep,59
Unknown,mtab_CINAR_BC_lumos_032822_192,R:A1,D:\Kujawinski\2022_0328 CINAR_BC,C:\Xcalibur\methods\Kujawinski\BC Derivatization\UPLC_pos_HCD_OT_071620_60k_noDE_16min_targetedMS2only_170to1000_35,G:A2,5,1,CINAR_BC_pool pos,p7CINAR_BC,pos,1,pool,60
Unknown,mtab_CINAR_BC_lumos_032822_193,R:A1,D:\Kujawinski\2022_0328 CINAR_BC,C:\Xcalibur\methods\Kujawinski\BC Derivatization\UPLC_pos_HCD_OT_071620_60k_noDE_16min_targetedMS2only_170to1000_35,B:B2,5,1,CINAR_BC_68 pos,CINAR_BC_68,pos,1,rep,61
Unknown,mtab_CINAR_BC_lumos_032822_194,R:A1,D:\Kujawinski\2022_0328 CINAR_BC,C:\Xcalibur\methods\Kujawinski\BC Derivatization\UPLC_pos_HCD_OT_071620_60k_noDE_16min_targetedMS2only_170to1000_35,B:B3,5,1,CINAR_BC_82 pos,CINAR_BC_82,pos,1,rep,62
Unknown,mtab_CINAR_BC_lumos_032822_195,R:A1,D:\Kujawinski\2022_0328 CINAR_BC,C:\Xcalibur\methods\Kujawinski\BC Derivatization\UPLC_pos_HCD_OT_071620_60k_noDE_16min_targetedMS2only_170to1000_35,B:B4,5,1,CINAR_BC_79 pos,CINAR_BC_79,pos,1,rep,63
Unknown,mtab_CINAR_BC_lumos_032822_196,R:A1,D:\Kujawinski\2022_0328 CINAR_BC,C:\Xcalibur\methods\Kujawinski\BC Derivatization\UPLC_pos_HCD_OT_071620_60k_noDE_16min_targetedMS2only_170to1000_35,B:B5,5,1,CINAR_BC_36 pos,CINAR_BC_36,pos,1,rep,64
Unknown,mtab_CINAR_BC_lumos_032822_197,R:A1,D:\Kujawinski\2022_0328 CINAR_BC,C:\Xcalibur\methods\Kujawinski\BC Derivatization\UPLC_pos_HCD_OT_071620_60k_noDE_16min_targetedMS2only_170to1000_35,B:B6,5,1,CINAR_BC_81A pos,CINAR_BC_81A,pos,1,rep,65
Unknown,mtab_CINAR_BC_lumos_032822_198,R:A1,D:\Kujawinski\2022_0328 CINAR_BC,C:\Xcalibur\methods\Kujawinski\BC Derivatization\UPLC_pos_HCD_OT_071620_60k_noDE_16min_targetedMS2only_170to1000_35,B:B7,5,1,CINAR_BC_101 pos,CINAR_BC_101,pos,1,rep,66
Unknown,mtab_CINAR_BC_lumos_032822_199,R:A1,D:\Kujawinski\2022_0328 CINAR_BC,C:\Xcalibur\methods\Kujawinski\BC Derivatization\UPLC_pos_HCD_OT_071620_60k_noDE_16min_targetedMS2only_170to1000_35,B:B8,5,1,CINAR_BC_6 pos,CINAR_BC_6,pos,1,rep,67
Unknown,mtab_CINAR_BC_lumos_032822_200,R:A1,D:\Kujawinski\2022_0328 CINAR_BC,C:\Xcalibur\methods\Kujawinski\BC Derivatization\UPLC_pos_HCD_OT_071620_60k_noDE_16min_targetedMS2only_170to1000_35,B:B9,5,1,CINAR_BC_108 pos,CINAR_BC_108,pos,1,rep,68
Unknown,mtab_CINAR_BC_lumos_032822_201,R:A1,D:\Kujawinski\2022_0328 CINAR_BC,C:\Xcalibur\methods\Kujawinski\BC Derivatization\UPLC_pos_HCD_OT_071620_60k_noDE_16min_targetedMS2only_170to1000_35,G:A2,5,1,CINAR_BC_pool pos,p8CINAR_BC,pos,1,pool,69
Unknown,mtab_CINAR_BC_lumos_032822_202,R:A1,D:\Kujawinski\2022_0328 CINAR_BC,C:\Xcalibur\methods\Kujawinski\BC Derivatization\UPLC_pos_HCD_OT_071620_60k_noDE_16min_targetedMS2only_170to1000_35,B:C1,5,1,CINAR_BC_85 pos,CINAR_BC_85,pos,1,rep,70
Unknown,mtab_CINAR_BC_lumos_032822_203,R:A1,D:\Kujawinski\2022_0328 CINAR_BC,C:\Xcalibur\methods\Kujawinski\BC Derivatization\UPLC_pos_HCD_OT_071620_60k_noDE_16min_targetedMS2only_170to1000_35,B:C2,5,1,CINAR_BC_44 pos,CINAR_BC_44,pos,1,rep,71
Unknown,mtab_CINAR_BC_lumos_032822_204,R:A1,D:\Kujawinski\2022_0328 CINAR_BC,C:\Xcalibur\methods\Kujawinski\BC Derivatization\UPLC_pos_HCD_OT_071620_60k_noDE_16min_targetedMS2only_170to1000_35,B:C3,5,1,CINAR_BC_98 pos,CINAR_BC_98,pos,1,rep,72
Unknown,mtab_CINAR_BC_lumos_032822_205,R:A1,D:\Kujawinski\2022_0328 CINAR_BC,C:\Xcalibur\methods\Kujawinski\BC Derivatization\UPLC_pos_HCD_OT_071620_60k_noDE_16min_targetedMS2only_170to1000_35,B:C4,5,1,CINAR_BC_39 pos,CINAR_BC_39,pos,1,rep,73
Unknown,mtab_CINAR_BC_lumos_032822_206,R:A1,D:\Kujawinski\2022_0328 CINAR_BC,C:\Xcalibur\methods\Kujawinski\BC Derivatization\UPLC_pos_HCD_OT_071620_60k_noDE_16min_targetedMS2only_170to1000_35,B:C5,5,1,CINAR_BC_43 pos,CINAR_BC_43,pos,1,rep,74
Unknown,mtab_CINAR_BC_lumos_032822_207,R:A1,D:\Kujawinski\2022_0328 CINAR_BC,C:\Xcalibur\methods\Kujawinski\BC Derivatization\UPLC_pos_HCD_OT_071620_60k_noDE_16min_targetedMS2only_170to1000_35,B:C6,5,1,CINAR_BC_62 pos,CINAR_BC_62,pos,1,rep,75
Unknown,mtab_CINAR_BC_lumos_032822_208,R:A1,D:\Kujawinski\2022_0328 CINAR_BC,C:\Xcalibur\methods\Kujawinski\BC Derivatization\UPLC_pos_HCD_OT_071620_60k_noDE_16min_targetedMS2only_170to1000_35,B:C7,5,1,CINAR_BC_4 pos,CINAR_BC_4,pos,1,rep,76
Unknown,mtab_CINAR_BC_lumos_032822_209,R:A1,D:\Kujawinski\2022_0328 CINAR_BC,C:\Xcalibur\methods\Kujawinski\BC Derivatization\UPLC_pos_HCD_OT_071620_60k_noDE_16min_targetedMS2only_170to1000_35,B:C8,5,1,CINAR_BC_63 pos,CINAR_BC_63,pos,1,rep,77
Unknown,mtab_CINAR_BC_lumos_032822_210,R:A1,D:\Kujawinski\2022_0328 CINAR_BC,C:\Xcalibur\methods\Kujawinski\BC Derivatization\UPLC_pos_HCD_OT_071620_60k_noDE_16min_targetedMS2only_170to1000_35,G:A2,5,1,CINAR_BC_pool pos,p9CINAR_BC,pos,1,pool,78
Unknown,mtab_CINAR_BC_lumos_032822_211,R:A1,D:\Kujawinski\2022_0328 CINAR_BC,C:\Xcalibur\methods\Kujawinski\BC Derivatization\UPLC_pos_HCD_OT_071620_60k_noDE_16min_targetedMS2only_170to1000_35,B:C9,5,1,CINAR_BC_109 pos,CINAR_BC_109,pos,1,rep,79
Unknown,mtab_CINAR_BC_lumos_032822_212,R:A1,D:\Kujawinski\2022_0328 CINAR_BC,C:\Xcalibur\methods\Kujawinski\BC Derivatization\UPLC_pos_HCD_OT_071620_60k_noDE_16min_targetedMS2only_170to1000_35,B:D1,5,1,CINAR_BC_96 pos,CINAR_BC_96,pos,1,rep,80
Unknown,mtab_CINAR_BC_lumos_032822_213,R:A1,D:\Kujawinski\2022_0328 CINAR_BC,C:\Xcalibur\methods\Kujawinski\BC Derivatization\UPLC_pos_HCD_OT_071620_60k_noDE_16min_targetedMS2only_170to1000_35,B:D2,5,1,CINAR_BC_90 pos,CINAR_BC_90,pos,1,rep,81
Unknown,mtab_CINAR_BC_lumos_032822_214,R:A1,D:\Kujawinski\2022_0328 CINAR_BC,C:\Xcalibur\methods\Kujawinski\BC Derivatization\UPLC_pos_HCD_OT_071620_60k_noDE_16min_targetedMS2only_170to1000_35,B:D3,5,1,CINAR_BC_95 pos,CINAR_BC_95,pos,1,rep,82
Unknown,mtab_CINAR_BC_lumos_032822_215,R:A1,D:\Kujawinski\2022_0328 CINAR_BC,C:\Xcalibur\methods\Kujawinski\BC Derivatization\UPLC_pos_HCD_OT_071620_60k_noDE_16min_targetedMS2only_170to1000_35,B:D4,5,1,CINAR_BC_46 pos,CINAR_BC_46,pos,1,rep,83
Unknown,mtab_CINAR_BC_lumos_032822_216,R:A1,D:\Kujawinski\2022_0328 CINAR_BC,C:\Xcalibur\methods\Kujawinski\BC Derivatization\UPLC_pos_HCD_OT_071620_60k_noDE_16min_targetedMS2only_170to1000_35,B:D5,5,1,CINAR_BC_40 pos,CINAR_BC_40,pos,1,rep,84
Unknown,mtab_CINAR_BC_lumos_032822_217,R:A1,D:\Kujawinski\2022_0328 CINAR_BC,C:\Xcalibur\methods\Kujawinski\BC Derivatization\UPLC_pos_HCD_OT_071620_60k_noDE_16min_targetedMS2only_170to1000_35,B:D6,5,1,CINAR_BC_12 pos,CINAR_BC_12,pos,1,rep,85
Unknown,mtab_CINAR_BC_lumos_032822_218,R:A1,D:\Kujawinski\2022_0328 CINAR_BC,C:\Xcalibur\methods\Kujawinski\BC Derivatization\UPLC_pos_HCD_OT_071620_60k_noDE_16min_targetedMS2only_170to1000_35,B:D7,5,1,CINAR_BC_2 pos,CINAR_BC_2,pos,1,rep,86
Unknown,mtab_CINAR_BC_lumos_032822_219,R:A1,D:\Kujawinski\2022_0328 CINAR_BC,C:\Xcalibur\methods\Kujawinski\BC Derivatization\UPLC_pos_HCD_OT_071620_60k_noDE_16min_targetedMS2only_170to1000_35,G:A2,5,1,CINAR_BC_pool pos,p10CINAR_BC,pos,1,pool,87
Unknown,mtab_CINAR_BC_lumos_032822_220,R:A1,D:\Kujawinski\2022_0328 CINAR_BC,C:\Xcalibur\methods\Kujawinski\BC Derivatization\UPLC_pos_HCD_OT_071620_60k_noDE_16min_targetedMS2only_170to1000_35,B:D8,5,1,CINAR_BC_114 pos,CINAR_BC_114,pos,1,rep,88
Unknown,mtab_CINAR_BC_lumos_032822_221,R:A1,D:\Kujawinski\2022_0328 CINAR_BC,C:\Xcalibur\methods\Kujawinski\BC Derivatization\UPLC_pos_HCD_OT_071620_60k_noDE_16min_targetedMS2only_170to1000_35,B:D9,5,1,CINAR_BC_78 pos,CINAR_BC_78,pos,1,rep,89
Unknown,mtab_CINAR_BC_lumos_032822_222,R:A1,D:\Kujawinski\2022_0328 CINAR_BC,C:\Xcalibur\methods\Kujawinski\BC Derivatization\UPLC_pos_HCD_OT_071620_60k_noDE_16min_targetedMS2only_170to1000_35,B:E1,5,1,CINAR_BC_105 pos,CINAR_BC_105,pos,1,rep,90
Unknown,mtab_CINAR_BC_lumos_032822_223,R:A1,D:\Kujawinski\2022_0328 CINAR_BC,C:\Xcalibur\methods\Kujawinski\BC Derivatization\UPLC_pos_HCD_OT_071620_60k_noDE_16min_targetedMS2only_170to1000_35,B:E2,5,1,CINAR_BC_5 pos,CINAR_BC_5,pos,1,rep,91
Unknown,mtab_CINAR_BC_lumos_032822_224,R:A1,D:\Kujawinski\2022_0328 CINAR_BC,C:\Xcalibur\methods\Kujawinski\BC Derivatization\UPLC_pos_HCD_OT_071620_60k_noDE_16min_targetedMS2only_170to1000_35,B:E3,5,1,CINAR_BC_73 pos,CINAR_BC_73,pos,1,rep,92
Unknown,mtab_CINAR_BC_lumos_032822_225,R:A1,D:\Kujawinski\2022_0328 CINAR_BC,C:\Xcalibur\methods\Kujawinski\BC Derivatization\UPLC_pos_HCD_OT_071620_60k_noDE_16min_targetedMS2only_170to1000_35,B:E4,5,1,CINAR_BC_88 pos,CINAR_BC_88,pos,1,rep,93
Unknown,mtab_CINAR_BC_lumos_032822_226,R:A1,D:\Kujawinski\2022_0328 CINAR_BC,C:\Xcalibur\methods\Kujawinski\BC Derivatization\UPLC_pos_HCD_OT_071620_60k_noDE_16min_targetedMS2only_170to1000_35,B:E5,5,1,CINAR_BC_97 pos,CINAR_BC_97,pos,1,rep,94
Unknown,mtab_CINAR_BC_lumos_032822_227,R:A1,D:\Kujawinski\2022_0328 CINAR_BC,C:\Xcalibur\methods\Kujawinski\BC Derivatization\UPLC_pos_HCD_OT_071620_60k_noDE_16min_targetedMS2only_170to1000_35,B:E6,5,1,CINAR_BC_72 pos,CINAR_BC_72,pos,1,rep,95
Unknown,mtab_CINAR_BC_lumos_032822_228,R:A1,D:\Kujawinski\2022_0328 CINAR_BC,C:\Xcalibur\methods\Kujawinski\BC Derivatization\UPLC_pos_HCD_OT_071620_60k_noDE_16min_targetedMS2only_170to1000_35,G:A2,5,1,CINAR_BC_pool pos,p11CINAR_BC,pos,1,pool,96
